<?xml version="1.0" encoding="utf-8"?>
<odoo noupdate="0">

        <record id="payment_acquirer_mercadopago" model="payment.acquirer">
            <field name="name">MercadoPago</field>
            <field name="image_128" type="base64" file="payment_mercadopago/static/src/img/mercadopago_icon.png"/>
            <field name="provider">mercadopago</field>
            <field name="redirect_form_view_id" ref="redirect_form_mercadopago"/>
            <field name="company_id" ref="base.main_company"/>
            <!--field name="view_template_id" ref="mercadopago_acquirer_button"/-->
            <!--field name="environment">test</field-->
            <field name="pre_msg"><![CDATA[
<p>You will be redirected to the MercadoPago website after cliking on the payment button.</p>]]></field>
            <field name="mercadopago_email_account">dummy</field>
            <field name="mercadopago_seller_account">dummy</field>
            <field name="mercadopago_api_username">dummy</field>
            <field name="mercadopago_api_password">dummy</field>
        </record>


        <record id="payment_method_mercadopago" model="account.payment.method">
            <field name="name">MercadoPago</field>
            <field name="code">mercadopago</field>
            <field name="payment_type">inbound</field>
        </record>

</odoo>
