<?xml version="1.0" encoding="utf-8"?>
<odoo>
    <data noupdate="1">
        <record id="payment_acquirer_mercadopago" model="payment.acquirer">
            <field name="name">MercadoPago Chile</field>
            <field name="image_128" type="base64" file="payment_mercadopago_cl/static/src/img/mercadopago_icon.png"/>
            <field name="provider">mercadopago_cl</field>
            <field name="company_id" ref="base.main_company"/>
            <field name="view_template_id" ref="mercadopago_acquirer_button"/>
            <!--field name="environment">test</field-->
            <field name="pre_msg"><![CDATA[
<p>You will be redirected to the MercadoPago website after cliking on the payment button.</p>]]></field>
            <field name="mercadopago_email_account">dummy</field>
            <field name="mercadopago_seller_account">dummy</field>
            <field name="mercadopago_api_username">dummy</field>
            <field name="mercadopago_api_password">dummy</field>
        </record>
    </data>
</odoo>
